horizon,model,crop,market,mae_a,mae_b,mape_a,mape_b,n_scored_a,n_scored_b
1,sarimax,carrot,Colombo,76.07,76.07,23.23,23.23,103,103
1,sarimax,carrot,Dambulla,88.32,88.32,24.05,24.05,101,101
1,sarimax,carrot,Meegoda,80.8,80.8,19.36,19.36,102,102
1,sarimax,carrot,Nuwara Eliya,84.17,84.17,23.21,23.21,94,94
1,sarimax,leeks,Colombo,37.94,37.94,18.85,18.85,103,103
1,sarimax,leeks,Dambulla,37.58,37.58,17.3,17.3,101,101
1,sarimax,leeks,Meegoda,33.96,33.96,14.07,14.07,102,102
1,sarimax,leeks,Nuwara Eliya,31.18,31.18,14.73,14.73,94,94
1,sarimax,tomato,Colombo,62.18,62.18,25.69,25.69,103,103
1,sarimax,tomato,Dambulla,69.47,69.47,36.2,36.2,101,101
1,sarimax,tomato,Meegoda,71.79,71.79,29.52,29.52,102,102
1,sarimax,tomato,Nuwara Eliya,73.59,73.59,34.7,34.7,94,94
4,lightgbm,carrot,Colombo,141.91,125.86,54.35,42.72,100,100
4,lightgbm,carrot,Dambulla,152.24,138.33,56.13,45.44,98,98
4,lightgbm,carrot,Meegoda,160.27,145.22,49.85,38.62,99,99
4,lightgbm,carrot,Nuwara Eliya,161.07,139.51,57.53,42.83,91,91
4,lightgbm,leeks,Colombo,63.55,56.72,29.88,24.46,100,100
4,lightgbm,leeks,Dambulla,59.62,55.23,27.67,22.75,98,98
4,lightgbm,leeks,Meegoda,68.98,62.58,28.9,22.65,99,99
4,lightgbm,leeks,Nuwara Eliya,66.32,56.15,31.2,23.57,91,91
4,lightgbm,tomato,Colombo,139.22,128.64,62.06,52.39,100,100
4,lightgbm,tomato,Dambulla,129.13,111.36,78.96,63.66,98,98
4,lightgbm,tomato,Meegoda,137.75,127.62,55.68,46.12,99,99
4,lightgbm,tomato,Nuwara Eliya,135.5,124.69,87.02,74.61,91,91
12,lightgbm,carrot,Colombo,165.27,129.09,82.01,52.83,92,92
12,lightgbm,carrot,Dambulla,170.84,132.82,80.12,50.88,90,90
12,lightgbm,carrot,Meegoda,179.12,142.85,71.05,46.88,91,91
12,lightgbm,carrot,Nuwara Eliya,184.42,148.51,85.33,60.28,84,84
12,lightgbm,leeks,Colombo,72.83,65.3,40.91,31.96,92,92
12,lightgbm,leeks,Dambulla,75.77,63.1,43.08,29.79,90,90
12,lightgbm,leeks,Meegoda,82.54,66.22,39.69,26.46,91,91
12,lightgbm,leeks,Nuwara Eliya,71.63,63.61,40.19,29.4,84,84
12,lightgbm,tomato,Colombo,151.66,127.37,86.75,61.37,92,92
12,lightgbm,tomato,Dambulla,122.31,101.33,94.87,73.71,90,90
12,lightgbm,tomato,Meegoda,152.27,129.58,76.58,59.1,91,91
12,lightgbm,tomato,Nuwara Eliya,129.97,110.0,104.46,87.95,84,84
