model,horizon,n_scored_a,n_scored_b,mae_a,mae_b,rmse_a,rmse_b,mape_a,mape_b,pinball_a,pinball_b,picp_a,picp_b,interval_width_a,interval_width_b,mae_pct_change,rmse_pct_change,picp_cqr_a,picp_cqr_b,interval_width_cqr_a,interval_width_cqr_b
lightgbm,1,1200,1200,79.42,75.0,133.48,128.69,30.5,27.54,39.71,37.5,82.92,80.67,280.68,230.19,-5.57,-3.59,85.83,83.83,293.57,246.98
lightgbm,2,1188,1188,100.03,90.86,167.28,159.07,38.72,32.83,50.01,45.43,82.41,78.96,341.72,255.26,-9.17,-4.91,84.6,84.01,359.47,288.44
lightgbm,4,1164,1164,117.91,105.98,175.39,168.12,51.45,41.53,58.95,52.99,75.52,76.89,416.5,340.34,-10.12,-4.15,78.61,81.79,436.99,379.98
lightgbm,8,1116,1116,128.92,116.04,176.23,171.68,70.37,55.67,64.46,58.02,71.77,74.01,405.95,367.18,-9.99,-2.58,81.18,79.57,477.45,429.75
lightgbm,12,1071,1071,129.93,106.66,181.73,158.29,70.29,50.72,64.96,53.33,73.95,69.65,637.11,319.01,-17.91,-12.9,81.51,81.23,699.43,441.69
sarimax,1,1200,1200,62.22,62.22,109.41,109.41,23.39,23.39,,,,,,,0.0,0.0,,,,
sarimax,2,1188,1188,84.45,84.45,140.79,140.79,32.75,32.75,,,,,,,0.0,0.0,,,,
sarimax,4,1164,1164,122.64,122.64,190.0,190.0,52.45,52.45,,,,,,,0.0,0.0,,,,
sarimax,8,1116,1116,166.59,166.59,242.53,242.53,93.1,93.1,,,,,,,0.0,0.0,,,,
sarimax,12,1071,1071,181.44,181.44,259.45,259.45,111.74,111.74,,,,,,,0.0,0.0,,,,
xgboost,1,1200,1200,78.39,74.1,132.98,127.93,30.69,27.54,39.2,37.05,81.17,82.92,248.27,230.69,-5.47,-3.8,83.92,84.0,261.73,236.44
xgboost,2,1188,1188,91.23,88.59,160.18,156.64,33.51,31.32,45.61,44.29,78.45,82.15,269.23,272.42,-2.89,-2.21,81.06,83.0,286.68,279.45
xgboost,4,1164,1164,111.63,106.8,173.36,167.42,44.99,42.76,55.81,53.4,74.23,79.47,310.92,375.19,-4.33,-3.43,78.52,82.56,344.47,402.18
xgboost,8,1116,1116,123.64,111.67,170.04,167.85,66.24,52.09,61.82,55.84,71.51,75.72,344.58,342.6,-9.68,-1.29,78.14,79.57,394.1,378.81
xgboost,12,1071,1071,126.57,110.35,176.88,162.51,67.95,48.9,63.28,55.17,65.64,76.38,308.95,534.16,-12.82,-8.12,80.02,82.91,423.08,609.43
