model,horizon,target_form,slice,n_scored,mae,rmse,mape,pinball,picp,interval_width,qhat,picp_cqr,interval_width_cqr
lightgbm,1,price,test,1200,75.0,128.69,27.54,37.5,80.67,230.19,8.3952,83.83,246.98
lightgbm,1,price,shock_2024q1,153,160.68,255.86,33.74,80.34,77.12,435.32,,,
lightgbm,2,price,test,1188,90.86,159.07,32.83,45.43,78.96,255.26,16.5905,84.01,288.44
lightgbm,2,price,shock_2024q1,153,193.47,323.02,42.48,96.73,76.47,472.47,,,
lightgbm,4,price,test,1164,105.98,168.12,41.53,52.99,76.89,340.34,19.8185,81.79,379.98
lightgbm,4,price,shock_2024q1,153,173.42,276.05,59.09,86.71,69.93,594.66,,,
lightgbm,8,price,test,1116,116.04,171.68,55.67,58.02,74.01,367.18,31.286,79.57,429.75
lightgbm,8,price,shock_2024q1,153,141.33,197.91,123.19,70.66,66.01,617.84,,,
lightgbm,12,price,test,1071,106.66,158.29,50.72,53.33,69.65,319.01,61.341,81.23,441.69
lightgbm,12,price,shock_2024q1,156,124.55,169.32,96.08,62.28,50.0,442.1,,,
sarimax,1,price,test,1200,62.22,109.41,23.39,,,,,,
sarimax,1,price,shock_2024q1,153,134.83,228.86,28.47,,,,,,
sarimax,2,price,test,1188,84.45,140.79,32.75,,,,,,
sarimax,2,price,shock_2024q1,153,182.46,280.99,46.04,,,,,,
sarimax,4,price,test,1164,122.64,190.0,52.45,,,,,,
sarimax,4,price,shock_2024q1,153,241.87,356.08,96.85,,,,,,
sarimax,8,price,test,1116,166.59,242.53,93.1,,,,,,
sarimax,8,price,shock_2024q1,153,295.66,423.17,236.03,,,,,,
sarimax,12,price,test,1071,181.44,259.45,111.74,,,,,,
sarimax,12,price,shock_2024q1,156,354.68,468.84,304.63,,,,,,
xgboost,1,price,test,1200,74.1,127.93,27.54,37.05,82.92,230.69,2.8708,84.0,236.44
xgboost,1,price,shock_2024q1,153,156.67,255.49,33.41,78.34,77.12,409.01,,,
xgboost,2,price,test,1188,88.59,156.64,31.32,44.29,82.15,272.42,3.5162,83.0,279.45
xgboost,2,price,shock_2024q1,153,185.85,315.49,38.55,92.93,77.12,475.83,,,
xgboost,4,price,test,1164,106.8,167.42,42.76,53.4,79.47,375.19,13.4946,82.56,402.18
xgboost,4,price,shock_2024q1,153,166.16,269.37,56.08,83.08,71.9,650.32,,,
xgboost,8,price,test,1116,111.67,167.85,52.09,55.84,75.72,342.6,18.1085,79.57,378.81
xgboost,8,price,shock_2024q1,153,123.98,183.94,107.2,61.99,66.01,525.22,,,
xgboost,12,price,test,1071,110.35,162.51,48.9,55.17,76.38,534.16,37.6346,82.91,609.43
xgboost,12,price,shock_2024q1,156,111.95,151.68,78.12,55.98,53.85,907.76,,,
