model,horizon,target_form,unique_id,crop,market,n_scored,mae,rmse,mape,pinball,picp,interval_width
lightgbm,1,logret,carrot__Colombo,carrot,Colombo,102,69.53,116.35,21.42,34.76,85.29,257.53
lightgbm,1,logret,carrot__Dambulla,carrot,Dambulla,98,78.1,157.65,20.65,39.05,78.57,259.19
lightgbm,1,logret,carrot__Meegoda,carrot,Meegoda,100,76.08,150.36,18.1,38.04,86.0,297.14
lightgbm,1,logret,carrot__Nuwara Eliya,carrot,Nuwara Eliya,86,83.72,157.14,21.18,41.86,82.56,287.9
lightgbm,1,logret,leeks__Colombo,leeks,Colombo,102,34.77,48.19,17.81,17.38,91.18,165.52
lightgbm,1,logret,leeks__Dambulla,leeks,Dambulla,98,34.26,52.97,15.77,17.13,89.8,168.28
lightgbm,1,logret,leeks__Meegoda,leeks,Meegoda,100,30.48,45.3,12.65,15.24,95.0,188.86
lightgbm,1,logret,leeks__Nuwara Eliya,leeks,Nuwara Eliya,86,26.58,40.37,12.51,13.29,96.51,171.98
lightgbm,1,logret,tomato__Colombo,tomato,Colombo,102,60.24,86.87,24.52,30.12,87.25,249.77
lightgbm,1,logret,tomato__Dambulla,tomato,Dambulla,98,66.51,94.1,34.2,33.26,73.47,211.74
lightgbm,1,logret,tomato__Meegoda,tomato,Meegoda,100,68.51,97.42,26.87,34.25,81.0,260.29
lightgbm,1,logret,tomato__Nuwara Eliya,tomato,Nuwara Eliya,86,67.35,97.19,33.37,33.68,73.26,218.56
lightgbm,2,logret,carrot__Colombo,carrot,Colombo,101,83.5,132.59,27.13,41.75,80.2,346.22
lightgbm,2,logret,carrot__Dambulla,carrot,Dambulla,97,88.09,160.84,26.98,44.04,80.41,350.55
lightgbm,2,logret,carrot__Meegoda,carrot,Meegoda,99,102.67,191.5,24.79,51.34,86.87,399.13
lightgbm,2,logret,carrot__Nuwara Eliya,carrot,Nuwara Eliya,85,104.7,185.18,27.69,52.35,82.35,384.96
lightgbm,2,logret,leeks__Colombo,leeks,Colombo,101,39.76,55.93,19.04,19.88,92.08,203.13
lightgbm,2,logret,leeks__Dambulla,leeks,Dambulla,97,41.11,59.48,19.11,20.56,86.6,208.47
lightgbm,2,logret,leeks__Meegoda,leeks,Meegoda,99,40.09,56.94,16.03,20.04,94.95,236.13
lightgbm,2,logret,leeks__Nuwara Eliya,leeks,Nuwara Eliya,85,38.5,54.28,17.41,19.25,90.59,213.7
lightgbm,2,logret,tomato__Colombo,tomato,Colombo,101,79.6,115.78,33.99,39.8,88.12,328.58
lightgbm,2,logret,tomato__Dambulla,tomato,Dambulla,97,78.61,109.9,45.72,39.31,71.13,267.64
lightgbm,2,logret,tomato__Meegoda,tomato,Meegoda,99,87.24,120.96,36.57,43.62,84.85,339.72
lightgbm,2,logret,tomato__Nuwara Eliya,tomato,Nuwara Eliya,85,86.61,121.49,49.36,43.3,68.24,283.17
lightgbm,4,logret,carrot__Colombo,carrot,Colombo,99,115.91,185.69,38.63,57.95,85.86,474.97
lightgbm,4,logret,carrot__Dambulla,carrot,Dambulla,95,128.83,214.92,41.16,64.42,84.21,482.68
lightgbm,4,logret,carrot__Meegoda,carrot,Meegoda,97,131.52,225.47,37.23,65.76,85.57,540.59
lightgbm,4,logret,carrot__Nuwara Eliya,carrot,Nuwara Eliya,82,124.52,200.49,41.64,62.26,81.71,515.22
lightgbm,4,logret,leeks__Colombo,leeks,Colombo,99,45.98,69.75,20.85,22.99,89.9,281.75
lightgbm,4,logret,leeks__Dambulla,leeks,Dambulla,95,47.78,70.97,20.85,23.89,93.68,289.94
lightgbm,4,logret,leeks__Meegoda,leeks,Meegoda,97,50.34,76.99,19.01,25.17,95.88,323.74
lightgbm,4,logret,leeks__Nuwara Eliya,leeks,Nuwara Eliya,82,50.32,71.72,22.72,25.16,92.68,291.77
lightgbm,4,logret,tomato__Colombo,tomato,Colombo,99,114.07,165.75,49.58,57.04,82.83,469.3
lightgbm,4,logret,tomato__Dambulla,tomato,Dambulla,95,101.08,141.65,58.97,50.54,77.89,385.22
lightgbm,4,logret,tomato__Meegoda,tomato,Meegoda,97,115.63,162.88,46.97,57.81,82.47,478.25
lightgbm,4,logret,tomato__Nuwara Eliya,tomato,Nuwara Eliya,82,111.3,157.56,69.05,55.65,79.27,399.53
lightgbm,8,logret,carrot__Colombo,carrot,Colombo,95,143.94,184.25,67.83,71.97,76.84,509.36
lightgbm,8,logret,carrot__Dambulla,carrot,Dambulla,91,150.49,193.98,69.29,75.24,79.12,521.35
lightgbm,8,logret,carrot__Meegoda,carrot,Meegoda,93,161.36,210.35,60.66,80.68,77.42,566.33
lightgbm,8,logret,carrot__Nuwara Eliya,carrot,Nuwara Eliya,79,172.93,216.33,78.7,86.46,73.42,553.16
lightgbm,8,logret,leeks__Colombo,leeks,Colombo,95,64.97,89.29,33.77,32.48,92.63,322.87
lightgbm,8,logret,leeks__Dambulla,leeks,Dambulla,91,69.52,91.62,36.17,34.76,91.21,333.04
lightgbm,8,logret,leeks__Meegoda,leeks,Meegoda,93,68.76,93.8,30.69,34.38,94.62,363.05
lightgbm,8,logret,leeks__Nuwara Eliya,leeks,Nuwara Eliya,79,70.38,94.08,35.61,35.19,92.41,333.42
lightgbm,8,logret,tomato__Colombo,tomato,Colombo,95,144.3,202.83,77.38,72.15,66.32,441.99
lightgbm,8,logret,tomato__Dambulla,tomato,Dambulla,91,122.01,167.03,90.74,61.0,67.03,389.23
lightgbm,8,logret,tomato__Meegoda,tomato,Meegoda,93,143.35,201.26,68.16,71.68,68.82,450.7
lightgbm,8,logret,tomato__Nuwara Eliya,tomato,Nuwara Eliya,79,123.42,165.54,104.66,61.71,69.62,398.34
lightgbm,12,logret,carrot__Colombo,carrot,Colombo,91,153.76,209.08,68.02,76.88,76.92,1018.21
lightgbm,12,logret,carrot__Dambulla,carrot,Dambulla,87,152.24,207.1,66.72,76.12,75.86,1032.73
lightgbm,12,logret,carrot__Meegoda,carrot,Meegoda,89,165.56,228.27,58.39,82.78,76.4,1179.58
lightgbm,12,logret,carrot__Nuwara Eliya,carrot,Nuwara Eliya,79,172.86,230.85,72.55,86.43,74.68,1095.0
lightgbm,12,logret,leeks__Colombo,leeks,Colombo,91,77.45,104.54,41.23,38.72,98.9,638.16
lightgbm,12,logret,leeks__Dambulla,leeks,Dambulla,87,74.33,99.45,40.03,37.17,96.55,662.56
lightgbm,12,logret,leeks__Meegoda,leeks,Meegoda,89,84.6,113.77,38.65,42.3,100.0,735.18
lightgbm,12,logret,leeks__Nuwara Eliya,leeks,Nuwara Eliya,79,80.48,107.24,43.04,40.24,98.73,657.03
lightgbm,12,logret,tomato__Colombo,tomato,Colombo,91,151.87,208.62,86.32,75.94,69.23,823.32
lightgbm,12,logret,tomato__Dambulla,tomato,Dambulla,87,125.09,166.43,99.48,62.54,65.52,696.51
lightgbm,12,logret,tomato__Meegoda,tomato,Meegoda,89,151.33,206.73,73.77,75.66,70.79,846.23
lightgbm,12,logret,tomato__Nuwara Eliya,tomato,Nuwara Eliya,79,129.02,175.66,101.01,64.51,67.09,723.13
lightgbm_A,1,logret,carrot__Colombo,carrot,Colombo,102,71.16,118.52,22.38,35.58,81.37,246.33
lightgbm_A,1,logret,carrot__Dambulla,carrot,Dambulla,98,81.4,160.7,22.43,40.7,77.55,248.37
lightgbm_A,1,logret,carrot__Meegoda,carrot,Meegoda,100,79.58,150.44,19.58,39.79,85.0,282.02
lightgbm_A,1,logret,carrot__Nuwara Eliya,carrot,Nuwara Eliya,86,86.66,159.55,22.08,43.33,81.4,273.12
lightgbm_A,1,logret,leeks__Colombo,leeks,Colombo,102,36.37,51.0,18.39,18.19,86.27,149.94
lightgbm_A,1,logret,leeks__Dambulla,leeks,Dambulla,98,37.02,56.27,17.2,18.51,85.71,153.37
lightgbm_A,1,logret,leeks__Meegoda,leeks,Meegoda,100,34.7,49.41,14.6,17.35,93.0,171.33
lightgbm_A,1,logret,leeks__Nuwara Eliya,leeks,Nuwara Eliya,86,30.01,45.09,13.9,15.01,94.19,155.37
lightgbm_A,1,logret,tomato__Colombo,tomato,Colombo,102,63.46,89.8,26.08,31.73,84.31,241.94
lightgbm_A,1,logret,tomato__Dambulla,tomato,Dambulla,98,67.76,95.6,35.18,33.88,71.43,201.42
lightgbm_A,1,logret,tomato__Meegoda,tomato,Meegoda,100,70.29,99.74,28.11,35.15,80.0,252.77
lightgbm_A,1,logret,tomato__Nuwara Eliya,tomato,Nuwara Eliya,86,66.6,96.69,33.74,33.3,73.26,208.55
lightgbm_A,2,logret,carrot__Colombo,carrot,Colombo,101,91.23,142.96,31.36,45.61,81.19,367.14
lightgbm_A,2,logret,carrot__Dambulla,carrot,Dambulla,97,93.6,172.57,30.78,46.8,78.35,372.37
lightgbm_A,2,logret,carrot__Meegoda,carrot,Meegoda,99,109.54,198.25,28.32,54.77,85.86,423.72
lightgbm_A,2,logret,carrot__Nuwara Eliya,carrot,Nuwara Eliya,85,106.09,187.21,30.02,53.04,85.88,410.47
lightgbm_A,2,logret,leeks__Colombo,leeks,Colombo,101,44.5,62.57,21.54,22.25,91.09,212.34
lightgbm_A,2,logret,leeks__Dambulla,leeks,Dambulla,97,48.49,67.85,23.24,24.24,85.57,218.47
lightgbm_A,2,logret,leeks__Meegoda,leeks,Meegoda,99,45.18,64.75,18.4,22.59,94.95,246.45
lightgbm_A,2,logret,leeks__Nuwara Eliya,leeks,Nuwara Eliya,85,43.76,63.15,19.79,21.88,91.76,223.09
lightgbm_A,2,logret,tomato__Colombo,tomato,Colombo,101,84.7,122.51,36.02,42.35,85.15,334.84
lightgbm_A,2,logret,tomato__Dambulla,tomato,Dambulla,97,82.21,118.78,46.51,41.11,72.16,271.68
lightgbm_A,2,logret,tomato__Meegoda,tomato,Meegoda,99,89.88,127.28,37.35,44.94,84.85,347.0
lightgbm_A,2,logret,tomato__Nuwara Eliya,tomato,Nuwara Eliya,85,88.84,126.71,52.04,44.42,69.41,288.0
lightgbm_A,4,logret,carrot__Colombo,carrot,Colombo,99,124.09,180.38,44.72,62.04,79.8,469.38
lightgbm_A,4,logret,carrot__Dambulla,carrot,Dambulla,95,129.87,201.8,45.35,64.94,80.0,476.63
lightgbm_A,4,logret,carrot__Meegoda,carrot,Meegoda,97,132.35,199.55,39.32,66.17,83.51,537.91
lightgbm_A,4,logret,carrot__Nuwara Eliya,carrot,Nuwara Eliya,82,127.76,191.14,44.2,63.88,79.27,509.43
lightgbm_A,4,logret,leeks__Colombo,leeks,Colombo,99,55.53,81.23,25.22,27.76,87.88,272.62
lightgbm_A,4,logret,leeks__Dambulla,leeks,Dambulla,95,55.87,82.69,25.25,27.94,92.63,282.01
lightgbm_A,4,logret,leeks__Meegoda,leeks,Meegoda,97,56.39,81.96,22.45,28.19,94.85,316.89
lightgbm_A,4,logret,leeks__Nuwara Eliya,leeks,Nuwara Eliya,82,54.6,82.37,24.29,27.3,89.02,283.23
lightgbm_A,4,logret,tomato__Colombo,tomato,Colombo,99,115.64,174.29,46.46,57.82,74.75,443.64
lightgbm_A,4,logret,tomato__Dambulla,tomato,Dambulla,95,105.27,152.28,56.58,52.63,70.53,364.38
lightgbm_A,4,logret,tomato__Meegoda,tomato,Meegoda,97,117.73,173.46,44.45,58.86,73.2,451.78
lightgbm_A,4,logret,tomato__Nuwara Eliya,tomato,Nuwara Eliya,82,113.05,166.26,68.84,56.53,73.17,380.59
lightgbm_A,8,logret,carrot__Colombo,carrot,Colombo,95,151.82,190.75,78.68,75.91,58.95,423.08
lightgbm_A,8,logret,carrot__Dambulla,carrot,Dambulla,91,157.11,193.58,78.74,78.56,60.44,435.94
lightgbm_A,8,logret,carrot__Meegoda,carrot,Meegoda,93,163.5,204.7,67.08,81.75,62.37,475.87
lightgbm_A,8,logret,carrot__Nuwara Eliya,carrot,Nuwara Eliya,79,172.57,209.45,82.55,86.29,58.23,465.91
lightgbm_A,8,logret,leeks__Colombo,leeks,Colombo,95,76.07,95.71,41.87,38.04,85.26,257.83
lightgbm_A,8,logret,leeks__Dambulla,leeks,Dambulla,91,76.76,95.86,42.06,38.38,80.22,267.01
lightgbm_A,8,logret,leeks__Meegoda,leeks,Meegoda,93,76.77,96.08,37.43,38.39,87.1,288.54
lightgbm_A,8,logret,leeks__Nuwara Eliya,leeks,Nuwara Eliya,79,77.47,99.67,41.24,38.73,86.08,265.23
lightgbm_A,8,logret,tomato__Colombo,tomato,Colombo,95,151.88,207.44,85.69,75.94,62.11,364.09
lightgbm_A,8,logret,tomato__Dambulla,tomato,Dambulla,91,127.33,169.03,100.38,63.66,61.54,323.01
lightgbm_A,8,logret,tomato__Meegoda,tomato,Meegoda,93,148.48,202.54,74.38,74.24,61.29,369.95
lightgbm_A,8,logret,tomato__Nuwara Eliya,tomato,Nuwara Eliya,79,123.3,163.53,107.7,61.65,60.76,332.97
lightgbm_A,12,logret,carrot__Colombo,carrot,Colombo,91,167.61,215.79,82.71,83.81,62.64,991.65
lightgbm_A,12,logret,carrot__Dambulla,carrot,Dambulla,87,166.57,214.46,81.46,83.28,65.52,1009.64
lightgbm_A,12,logret,carrot__Meegoda,carrot,Meegoda,89,174.77,225.46,69.24,87.39,67.42,1160.56
lightgbm_A,12,logret,carrot__Nuwara Eliya,carrot,Nuwara Eliya,79,177.39,225.57,82.08,88.69,64.56,1069.79
lightgbm_A,12,logret,leeks__Colombo,leeks,Colombo,91,74.78,93.95,42.48,37.39,90.11,609.93
lightgbm_A,12,logret,leeks__Dambulla,leeks,Dambulla,87,67.72,85.74,39.71,33.86,91.95,635.42
lightgbm_A,12,logret,leeks__Meegoda,leeks,Meegoda,89,79.55,98.16,39.6,39.78,94.38,708.0
lightgbm_A,12,logret,leeks__Nuwara Eliya,leeks,Nuwara Eliya,79,74.49,92.0,43.1,37.24,93.67,628.48
lightgbm_A,12,logret,tomato__Colombo,tomato,Colombo,91,152.42,207.01,90.74,76.21,63.74,802.32
lightgbm_A,12,logret,tomato__Dambulla,tomato,Dambulla,87,130.34,165.73,107.31,65.17,60.92,671.57
lightgbm_A,12,logret,tomato__Meegoda,tomato,Meegoda,89,151.09,203.39,76.47,75.55,66.29,826.58
lightgbm_A,12,logret,tomato__Nuwara Eliya,tomato,Nuwara Eliya,79,124.97,170.97,102.97,62.49,63.29,703.07
lightgbm_B,1,logret,carrot__Colombo,carrot,Colombo,102,69.53,116.35,21.42,34.76,80.39,245.5
lightgbm_B,1,logret,carrot__Dambulla,carrot,Dambulla,98,78.1,157.65,20.65,39.05,78.57,247.16
lightgbm_B,1,logret,carrot__Meegoda,carrot,Meegoda,100,76.08,150.36,18.1,38.04,84.0,285.1
lightgbm_B,1,logret,carrot__Nuwara Eliya,carrot,Nuwara Eliya,86,83.72,157.14,21.18,41.86,79.07,275.87
lightgbm_B,1,logret,leeks__Colombo,leeks,Colombo,102,34.77,48.19,17.81,17.38,86.27,153.48
lightgbm_B,1,logret,leeks__Dambulla,leeks,Dambulla,98,34.26,52.97,15.77,17.13,85.71,156.25
lightgbm_B,1,logret,leeks__Meegoda,leeks,Meegoda,100,30.48,45.3,12.65,15.24,95.0,176.83
lightgbm_B,1,logret,leeks__Nuwara Eliya,leeks,Nuwara Eliya,86,26.58,40.37,12.51,13.29,95.35,159.94
lightgbm_B,1,logret,tomato__Colombo,tomato,Colombo,102,60.24,86.87,24.52,30.12,86.27,237.74
lightgbm_B,1,logret,tomato__Dambulla,tomato,Dambulla,98,66.51,94.1,34.2,33.26,70.41,199.71
lightgbm_B,1,logret,tomato__Meegoda,tomato,Meegoda,100,68.51,97.42,26.87,34.25,80.0,248.26
lightgbm_B,1,logret,tomato__Nuwara Eliya,tomato,Nuwara Eliya,86,67.35,97.19,33.37,33.68,70.93,206.53
lightgbm_B,2,logret,carrot__Colombo,carrot,Colombo,101,83.5,132.59,27.13,41.75,79.21,340.8
lightgbm_B,2,logret,carrot__Dambulla,carrot,Dambulla,97,88.09,160.84,26.98,44.04,78.35,345.14
lightgbm_B,2,logret,carrot__Meegoda,carrot,Meegoda,99,102.67,191.5,24.79,51.34,83.84,393.72
lightgbm_B,2,logret,carrot__Nuwara Eliya,carrot,Nuwara Eliya,85,104.7,185.18,27.69,52.35,80.0,379.55
lightgbm_B,2,logret,leeks__Colombo,leeks,Colombo,101,39.76,55.93,19.04,19.88,90.1,197.71
lightgbm_B,2,logret,leeks__Dambulla,leeks,Dambulla,97,41.11,59.48,19.11,20.56,83.51,203.05
lightgbm_B,2,logret,leeks__Meegoda,leeks,Meegoda,99,40.09,56.94,16.03,20.04,94.95,230.71
lightgbm_B,2,logret,leeks__Nuwara Eliya,leeks,Nuwara Eliya,85,38.5,54.28,17.41,19.25,89.41,208.29
lightgbm_B,2,logret,tomato__Colombo,tomato,Colombo,101,79.6,115.78,33.99,39.8,87.13,323.16
lightgbm_B,2,logret,tomato__Dambulla,tomato,Dambulla,97,78.61,109.9,45.72,39.31,70.1,262.22
lightgbm_B,2,logret,tomato__Meegoda,tomato,Meegoda,99,87.24,120.96,36.57,43.62,82.83,334.3
lightgbm_B,2,logret,tomato__Nuwara Eliya,tomato,Nuwara Eliya,85,86.61,121.49,49.36,43.3,68.24,277.75
lightgbm_B,4,logret,carrot__Colombo,carrot,Colombo,99,115.91,185.69,38.63,57.95,83.84,451.41
lightgbm_B,4,logret,carrot__Dambulla,carrot,Dambulla,95,128.83,214.92,41.16,64.42,78.95,459.13
lightgbm_B,4,logret,carrot__Meegoda,carrot,Meegoda,97,131.52,225.47,37.23,65.76,83.51,517.04
lightgbm_B,4,logret,carrot__Nuwara Eliya,carrot,Nuwara Eliya,82,124.52,200.49,41.64,62.26,74.39,491.66
lightgbm_B,4,logret,leeks__Colombo,leeks,Colombo,99,45.98,69.75,20.85,22.99,87.88,258.2
lightgbm_B,4,logret,leeks__Dambulla,leeks,Dambulla,95,47.78,70.97,20.85,23.89,91.58,266.39
lightgbm_B,4,logret,leeks__Meegoda,leeks,Meegoda,97,50.34,76.99,19.01,25.17,92.78,300.19
lightgbm_B,4,logret,leeks__Nuwara Eliya,leeks,Nuwara Eliya,82,50.32,71.72,22.72,25.16,87.8,268.22
lightgbm_B,4,logret,tomato__Colombo,tomato,Colombo,99,114.07,165.75,49.58,57.04,78.79,445.75
lightgbm_B,4,logret,tomato__Dambulla,tomato,Dambulla,95,101.08,141.65,58.97,50.54,71.58,361.67
lightgbm_B,4,logret,tomato__Meegoda,tomato,Meegoda,97,115.63,162.88,46.97,57.81,79.38,454.7
lightgbm_B,4,logret,tomato__Nuwara Eliya,tomato,Nuwara Eliya,82,111.3,157.56,69.05,55.65,74.39,375.98
lightgbm_B,8,logret,carrot__Colombo,carrot,Colombo,95,143.94,184.25,67.83,71.97,64.21,468.92
lightgbm_B,8,logret,carrot__Dambulla,carrot,Dambulla,91,150.49,193.98,69.29,75.24,69.23,480.91
lightgbm_B,8,logret,carrot__Meegoda,carrot,Meegoda,93,161.36,210.35,60.66,80.68,70.97,525.89
lightgbm_B,8,logret,carrot__Nuwara Eliya,carrot,Nuwara Eliya,79,172.93,216.33,78.7,86.46,65.82,512.73
lightgbm_B,8,logret,leeks__Colombo,leeks,Colombo,95,64.97,89.29,33.77,32.48,86.32,282.43
lightgbm_B,8,logret,leeks__Dambulla,leeks,Dambulla,91,69.52,91.62,36.17,34.76,84.62,292.6
lightgbm_B,8,logret,leeks__Meegoda,leeks,Meegoda,93,68.76,93.8,30.69,34.38,89.25,322.61
lightgbm_B,8,logret,leeks__Nuwara Eliya,leeks,Nuwara Eliya,79,70.38,94.08,35.61,35.19,89.87,292.98
lightgbm_B,8,logret,tomato__Colombo,tomato,Colombo,95,144.3,202.83,77.38,72.15,64.21,401.55
lightgbm_B,8,logret,tomato__Dambulla,tomato,Dambulla,91,122.01,167.03,90.74,61.0,60.44,348.79
lightgbm_B,8,logret,tomato__Meegoda,tomato,Meegoda,93,143.35,201.26,68.16,71.68,63.44,410.26
lightgbm_B,8,logret,tomato__Nuwara Eliya,tomato,Nuwara Eliya,79,123.42,165.54,104.66,61.71,60.76,357.91
lightgbm_B,12,logret,carrot__Colombo,carrot,Colombo,91,153.76,209.08,68.02,76.88,68.13,983.05
lightgbm_B,12,logret,carrot__Dambulla,carrot,Dambulla,87,152.24,207.1,66.72,76.12,67.82,997.57
lightgbm_B,12,logret,carrot__Meegoda,carrot,Meegoda,89,165.56,228.27,58.39,82.78,73.03,1144.42
lightgbm_B,12,logret,carrot__Nuwara Eliya,carrot,Nuwara Eliya,79,172.86,230.85,72.55,86.43,67.09,1059.84
lightgbm_B,12,logret,leeks__Colombo,leeks,Colombo,91,77.45,104.54,41.23,38.72,94.51,603.0
lightgbm_B,12,logret,leeks__Dambulla,leeks,Dambulla,87,74.33,99.45,40.03,37.17,95.4,627.4
lightgbm_B,12,logret,leeks__Meegoda,leeks,Meegoda,89,84.6,113.77,38.65,42.3,100.0,700.02
lightgbm_B,12,logret,leeks__Nuwara Eliya,leeks,Nuwara Eliya,79,80.48,107.24,43.04,40.24,91.14,621.87
lightgbm_B,12,logret,tomato__Colombo,tomato,Colombo,91,151.87,208.62,86.32,75.94,61.54,788.16
lightgbm_B,12,logret,tomato__Dambulla,tomato,Dambulla,87,125.09,166.43,99.48,62.54,62.07,661.35
lightgbm_B,12,logret,tomato__Meegoda,tomato,Meegoda,89,151.33,206.73,73.77,75.66,68.54,811.07
lightgbm_B,12,logret,tomato__Nuwara Eliya,tomato,Nuwara Eliya,79,129.02,175.66,101.01,64.51,64.56,687.97
naive_last,1,level,carrot__Colombo,carrot,Colombo,102,75.84,128.53,23.05,,,
naive_last,1,level,carrot__Dambulla,carrot,Dambulla,98,87.39,173.8,23.24,,,
naive_last,1,level,carrot__Meegoda,carrot,Meegoda,100,82.12,155.49,19.66,,,
naive_last,1,level,carrot__Nuwara Eliya,carrot,Nuwara Eliya,86,89.45,168.71,22.59,,,
naive_last,1,level,leeks__Colombo,leeks,Colombo,102,39.12,53.9,19.62,,,
naive_last,1,level,leeks__Dambulla,leeks,Dambulla,98,38.04,59.46,17.58,,,
naive_last,1,level,leeks__Meegoda,leeks,Meegoda,100,35.17,51.22,14.4,,,
naive_last,1,level,leeks__Nuwara Eliya,leeks,Nuwara Eliya,86,30.1,46.13,13.75,,,
naive_last,1,level,tomato__Colombo,tomato,Colombo,102,62.62,90.35,25.98,,,
naive_last,1,level,tomato__Dambulla,tomato,Dambulla,98,69.07,100.69,35.78,,,
naive_last,1,level,tomato__Meegoda,tomato,Meegoda,100,70.86,104.98,27.98,,,
naive_last,1,level,tomato__Nuwara Eliya,tomato,Nuwara Eliya,86,68.16,99.72,33.43,,,
naive_last,2,level,carrot__Colombo,carrot,Colombo,101,98.57,157.34,32.02,,,
naive_last,2,level,carrot__Dambulla,carrot,Dambulla,97,102.64,188.79,31.3,,,
naive_last,2,level,carrot__Meegoda,carrot,Meegoda,99,117.98,211.25,29.46,,,
naive_last,2,level,carrot__Nuwara Eliya,carrot,Nuwara Eliya,85,119.04,205.58,32.14,,,
naive_last,2,level,leeks__Colombo,leeks,Colombo,101,51.29,67.64,24.04,,,
naive_last,2,level,leeks__Dambulla,leeks,Dambulla,97,50.88,74.04,23.75,,,
naive_last,2,level,leeks__Meegoda,leeks,Meegoda,99,52.33,71.39,20.63,,,
naive_last,2,level,leeks__Nuwara Eliya,leeks,Nuwara Eliya,85,49.04,68.65,21.16,,,
naive_last,2,level,tomato__Colombo,tomato,Colombo,101,91.23,130.93,38.31,,,
naive_last,2,level,tomato__Dambulla,tomato,Dambulla,97,88.35,129.77,48.42,,,
naive_last,2,level,tomato__Meegoda,tomato,Meegoda,99,98.38,139.01,39.78,,,
naive_last,2,level,tomato__Nuwara Eliya,tomato,Nuwara Eliya,85,93.72,137.2,52.19,,,
naive_last,4,level,carrot__Colombo,carrot,Colombo,99,148.19,218.36,51.19,,,
naive_last,4,level,carrot__Dambulla,carrot,Dambulla,95,155.53,249.77,50.81,,,
naive_last,4,level,carrot__Meegoda,carrot,Meegoda,97,164.6,273.61,48.17,,,
naive_last,4,level,carrot__Nuwara Eliya,carrot,Nuwara Eliya,82,155.61,243.87,53.21,,,
naive_last,4,level,leeks__Colombo,leeks,Colombo,99,70.5,94.96,33.38,,,
naive_last,4,level,leeks__Dambulla,leeks,Dambulla,95,71.0,100.73,32.54,,,
naive_last,4,level,leeks__Meegoda,leeks,Meegoda,97,78.99,105.95,32.05,,,
naive_last,4,level,leeks__Nuwara Eliya,leeks,Nuwara Eliya,82,76.83,102.05,34.09,,,
naive_last,4,level,tomato__Colombo,tomato,Colombo,99,144.27,197.6,69.2,,,
naive_last,4,level,tomato__Dambulla,tomato,Dambulla,95,131.54,179.4,76.41,,,
naive_last,4,level,tomato__Meegoda,tomato,Meegoda,97,149.57,202.67,65.94,,,
naive_last,4,level,tomato__Nuwara Eliya,tomato,Nuwara Eliya,82,135.48,190.5,83.99,,,
naive_last,8,level,carrot__Colombo,carrot,Colombo,95,199.6,267.54,85.31,,,
naive_last,8,level,carrot__Dambulla,carrot,Dambulla,91,205.74,295.79,87.45,,,
naive_last,8,level,carrot__Meegoda,carrot,Meegoda,93,227.94,337.4,82.95,,,
naive_last,8,level,carrot__Nuwara Eliya,carrot,Nuwara Eliya,79,227.11,322.68,94.09,,,
naive_last,8,level,leeks__Colombo,leeks,Colombo,95,105.54,133.76,55.56,,,
naive_last,8,level,leeks__Dambulla,leeks,Dambulla,91,101.71,134.76,50.99,,,
naive_last,8,level,leeks__Meegoda,leeks,Meegoda,93,109.08,144.17,49.67,,,
naive_last,8,level,leeks__Nuwara Eliya,leeks,Nuwara Eliya,79,107.29,142.55,53.67,,,
naive_last,8,level,tomato__Colombo,tomato,Colombo,95,202.22,278.99,133.18,,,
naive_last,8,level,tomato__Dambulla,tomato,Dambulla,91,179.04,244.25,160.3,,,
naive_last,8,level,tomato__Meegoda,tomato,Meegoda,93,202.34,280.13,119.27,,,
naive_last,8,level,tomato__Nuwara Eliya,tomato,Nuwara Eliya,79,178.25,249.14,181.73,,,
naive_last,12,level,carrot__Colombo,carrot,Colombo,91,216.75,300.58,109.31,,,
naive_last,12,level,carrot__Dambulla,carrot,Dambulla,87,227.36,323.66,111.21,,,
naive_last,12,level,carrot__Meegoda,carrot,Meegoda,89,244.79,366.57,103.91,,,
naive_last,12,level,carrot__Nuwara Eliya,carrot,Nuwara Eliya,79,240.33,346.03,116.88,,,
naive_last,12,level,leeks__Colombo,leeks,Colombo,91,118.02,147.73,65.48,,,
naive_last,12,level,leeks__Dambulla,leeks,Dambulla,87,117.95,151.72,63.43,,,
naive_last,12,level,leeks__Meegoda,leeks,Meegoda,89,129.49,164.23,61.38,,,
naive_last,12,level,leeks__Nuwara Eliya,leeks,Nuwara Eliya,79,127.63,158.64,69.65,,,
naive_last,12,level,tomato__Colombo,tomato,Colombo,91,234.2,304.93,166.52,,,
naive_last,12,level,tomato__Dambulla,tomato,Dambulla,87,195.98,263.08,200.32,,,
naive_last,12,level,tomato__Meegoda,tomato,Meegoda,89,230.27,306.86,143.53,,,
naive_last,12,level,tomato__Nuwara Eliya,tomato,Nuwara Eliya,79,198.77,269.47,210.99,,,
sarimax,1,level,carrot__Colombo,carrot,Colombo,102,75.89,131.23,23.08,,,
sarimax,1,level,carrot__Dambulla,carrot,Dambulla,98,88.06,165.53,24.21,,,
sarimax,1,level,carrot__Meegoda,carrot,Meegoda,100,81.21,153.91,19.4,,,
sarimax,1,level,carrot__Nuwara Eliya,carrot,Nuwara Eliya,86,86.25,162.38,22.66,,,
sarimax,1,level,leeks__Colombo,leeks,Colombo,102,38.02,53.07,18.91,,,
sarimax,1,level,leeks__Dambulla,leeks,Dambulla,98,36.73,57.87,17.09,,,
sarimax,1,level,leeks__Meegoda,leeks,Meegoda,100,34.26,50.33,14.15,,,
sarimax,1,level,leeks__Nuwara Eliya,leeks,Nuwara Eliya,86,30.14,46.01,13.79,,,
sarimax,1,level,tomato__Colombo,tomato,Colombo,102,62.78,90.4,25.94,,,
sarimax,1,level,tomato__Dambulla,tomato,Dambulla,98,69.33,99.92,36.44,,,
sarimax,1,level,tomato__Meegoda,tomato,Meegoda,100,69.99,99.87,29.47,,,
sarimax,1,level,tomato__Nuwara Eliya,tomato,Nuwara Eliya,86,68.17,100.14,33.68,,,
sarimax,2,level,carrot__Colombo,carrot,Colombo,101,97.97,157.77,31.76,,,
sarimax,2,level,carrot__Dambulla,carrot,Dambulla,97,103.56,189.33,31.49,,,
sarimax,2,level,carrot__Meegoda,carrot,Meegoda,99,119.39,213.98,29.67,,,
sarimax,2,level,carrot__Nuwara Eliya,carrot,Nuwara Eliya,85,120.34,206.68,32.41,,,
sarimax,2,level,leeks__Colombo,leeks,Colombo,101,50.8,67.17,23.76,,,
sarimax,2,level,leeks__Dambulla,leeks,Dambulla,97,51.51,73.52,23.79,,,
sarimax,2,level,leeks__Meegoda,leeks,Meegoda,99,50.36,69.32,20.11,,,
sarimax,2,level,leeks__Nuwara Eliya,leeks,Nuwara Eliya,85,49.3,68.81,21.3,,,
sarimax,2,level,tomato__Colombo,tomato,Colombo,101,90.71,129.84,37.07,,,
sarimax,2,level,tomato__Dambulla,tomato,Dambulla,97,88.29,129.11,49.19,,,
sarimax,2,level,tomato__Meegoda,tomato,Meegoda,99,93.69,130.82,41.16,,,
sarimax,2,level,tomato__Nuwara Eliya,tomato,Nuwara Eliya,85,93.66,137.19,51.73,,,
sarimax,4,level,carrot__Colombo,carrot,Colombo,99,146.82,225.36,49.37,,,
sarimax,4,level,carrot__Dambulla,carrot,Dambulla,95,156.52,251.14,50.3,,,
sarimax,4,level,carrot__Meegoda,carrot,Meegoda,97,165.65,278.31,47.69,,,
sarimax,4,level,carrot__Nuwara Eliya,carrot,Nuwara Eliya,82,157.32,246.85,53.45,,,
sarimax,4,level,leeks__Colombo,leeks,Colombo,99,69.16,93.95,32.67,,,
sarimax,4,level,leeks__Dambulla,leeks,Dambulla,95,70.96,99.77,32.52,,,
sarimax,4,level,leeks__Meegoda,leeks,Meegoda,97,74.04,98.26,30.7,,,
sarimax,4,level,leeks__Nuwara Eliya,leeks,Nuwara Eliya,82,77.34,102.52,34.37,,,
sarimax,4,level,tomato__Colombo,tomato,Colombo,99,142.07,195.45,66.51,,,
sarimax,4,level,tomato__Dambulla,tomato,Dambulla,95,132.02,179.71,77.24,,,
sarimax,4,level,tomato__Meegoda,tomato,Meegoda,97,131.7,174.77,64.06,,,
sarimax,4,level,tomato__Nuwara Eliya,tomato,Nuwara Eliya,82,134.64,189.61,83.07,,,
sarimax,8,level,carrot__Colombo,carrot,Colombo,95,201.64,278.51,83.67,,,
sarimax,8,level,carrot__Dambulla,carrot,Dambulla,91,203.44,295.1,85.28,,,
sarimax,8,level,carrot__Meegoda,carrot,Meegoda,93,225.76,337.96,80.96,,,
sarimax,8,level,carrot__Nuwara Eliya,carrot,Nuwara Eliya,79,226.79,320.79,93.37,,,
sarimax,8,level,leeks__Colombo,leeks,Colombo,95,103.2,131.82,54.17,,,
sarimax,8,level,leeks__Dambulla,leeks,Dambulla,91,101.93,134.14,51.25,,,
sarimax,8,level,leeks__Meegoda,leeks,Meegoda,93,94.74,124.16,43.69,,,
sarimax,8,level,leeks__Nuwara Eliya,leeks,Nuwara Eliya,79,108.43,143.34,54.39,,,
sarimax,8,level,tomato__Colombo,tomato,Colombo,95,201.92,280.28,131.1,,,
sarimax,8,level,tomato__Dambulla,tomato,Dambulla,91,178.96,243.05,161.29,,,
sarimax,8,level,tomato__Meegoda,tomato,Meegoda,93,152.2,199.23,88.64,,,
sarimax,8,level,tomato__Nuwara Eliya,tomato,Nuwara Eliya,79,178.39,249.11,180.66,,,
sarimax,12,level,carrot__Colombo,carrot,Colombo,91,215.07,307.3,105.62,,,
sarimax,12,level,carrot__Dambulla,carrot,Dambulla,87,225.18,320.51,108.6,,,
sarimax,12,level,carrot__Meegoda,carrot,Meegoda,89,240.8,363.25,101.01,,,
sarimax,12,level,carrot__Nuwara Eliya,carrot,Nuwara Eliya,79,237.23,342.59,115.56,,,
sarimax,12,level,leeks__Colombo,leeks,Colombo,91,114.82,145.35,63.41,,,
sarimax,12,level,leeks__Dambulla,leeks,Dambulla,87,116.8,149.33,62.91,,,
sarimax,12,level,leeks__Meegoda,leeks,Meegoda,89,106.84,134.66,51.11,,,
sarimax,12,level,leeks__Nuwara Eliya,leeks,Nuwara Eliya,79,128.99,159.61,70.57,,,
sarimax,12,level,tomato__Colombo,tomato,Colombo,91,238.68,310.18,169.97,,,
sarimax,12,level,tomato__Dambulla,tomato,Dambulla,87,196.86,261.28,200.13,,,
sarimax,12,level,tomato__Meegoda,tomato,Meegoda,89,154.35,197.34,89.82,,,
sarimax,12,level,tomato__Nuwara Eliya,tomato,Nuwara Eliya,79,199.59,269.62,212.09,,,
seasonal_naive_52,1,level,carrot__Colombo,carrot,Colombo,101,210.95,330.66,71.56,,,
seasonal_naive_52,1,level,carrot__Dambulla,carrot,Dambulla,97,224.58,373.05,78.58,,,
seasonal_naive_52,1,level,carrot__Meegoda,carrot,Meegoda,97,251.38,428.79,70.91,,,
seasonal_naive_52,1,level,carrot__Nuwara Eliya,carrot,Nuwara Eliya,82,228.0,363.37,72.07,,,
seasonal_naive_52,1,level,leeks__Colombo,leeks,Colombo,101,99.55,127.67,51.88,,,
seasonal_naive_52,1,level,leeks__Dambulla,leeks,Dambulla,97,111.24,144.78,55.24,,,
seasonal_naive_52,1,level,leeks__Meegoda,leeks,Meegoda,97,110.72,146.6,49.25,,,
seasonal_naive_52,1,level,leeks__Nuwara Eliya,leeks,Nuwara Eliya,82,110.88,142.34,53.09,,,
seasonal_naive_52,1,level,tomato__Colombo,tomato,Colombo,101,191.46,258.74,89.93,,,
seasonal_naive_52,1,level,tomato__Dambulla,tomato,Dambulla,97,158.27,218.26,90.05,,,
seasonal_naive_52,1,level,tomato__Meegoda,tomato,Meegoda,97,180.49,246.88,77.82,,,
seasonal_naive_52,1,level,tomato__Nuwara Eliya,tomato,Nuwara Eliya,82,171.23,237.0,106.64,,,
seasonal_naive_52,2,level,carrot__Colombo,carrot,Colombo,100,199.93,307.75,66.46,,,
seasonal_naive_52,2,level,carrot__Dambulla,carrot,Dambulla,96,212.72,343.2,74.18,,,
seasonal_naive_52,2,level,carrot__Meegoda,carrot,Meegoda,96,234.62,390.27,67.87,,,
seasonal_naive_52,2,level,carrot__Nuwara Eliya,carrot,Nuwara Eliya,81,226.16,356.99,76.11,,,
seasonal_naive_52,2,level,leeks__Colombo,leeks,Colombo,100,99.0,127.34,51.48,,,
seasonal_naive_52,2,level,leeks__Dambulla,leeks,Dambulla,96,109.92,143.46,54.28,,,
seasonal_naive_52,2,level,leeks__Meegoda,leeks,Meegoda,96,109.2,143.51,48.85,,,
seasonal_naive_52,2,level,leeks__Nuwara Eliya,leeks,Nuwara Eliya,81,112.91,144.27,53.8,,,
seasonal_naive_52,2,level,tomato__Colombo,tomato,Colombo,100,188.79,257.65,89.28,,,
seasonal_naive_52,2,level,tomato__Dambulla,tomato,Dambulla,96,158.81,219.85,92.17,,,
seasonal_naive_52,2,level,tomato__Meegoda,tomato,Meegoda,96,178.65,245.94,77.34,,,
seasonal_naive_52,2,level,tomato__Nuwara Eliya,tomato,Nuwara Eliya,81,167.17,229.08,106.0,,,
seasonal_naive_52,4,level,carrot__Colombo,carrot,Colombo,98,184.98,280.23,68.86,,,
seasonal_naive_52,4,level,carrot__Dambulla,carrot,Dambulla,94,195.46,311.65,76.37,,,
seasonal_naive_52,4,level,carrot__Meegoda,carrot,Meegoda,94,209.95,346.74,70.1,,,
seasonal_naive_52,4,level,carrot__Nuwara Eliya,carrot,Nuwara Eliya,79,197.67,286.58,75.13,,,
seasonal_naive_52,4,level,leeks__Colombo,leeks,Colombo,98,97.83,126.45,51.74,,,
seasonal_naive_52,4,level,leeks__Dambulla,leeks,Dambulla,94,106.69,139.88,53.35,,,
seasonal_naive_52,4,level,leeks__Meegoda,leeks,Meegoda,94,106.61,141.33,49.11,,,
seasonal_naive_52,4,level,leeks__Nuwara Eliya,leeks,Nuwara Eliya,79,108.48,140.39,53.53,,,
seasonal_naive_52,4,level,tomato__Colombo,tomato,Colombo,98,185.86,256.04,89.5,,,
seasonal_naive_52,4,level,tomato__Dambulla,tomato,Dambulla,94,150.23,210.22,87.0,,,
seasonal_naive_52,4,level,tomato__Meegoda,tomato,Meegoda,94,173.3,240.07,77.18,,,
seasonal_naive_52,4,level,tomato__Nuwara Eliya,tomato,Nuwara Eliya,79,163.69,227.04,104.18,,,
seasonal_naive_52,8,level,carrot__Colombo,carrot,Colombo,94,173.13,264.5,72.12,,,
seasonal_naive_52,8,level,carrot__Dambulla,carrot,Dambulla,90,184.94,298.5,81.52,,,
seasonal_naive_52,8,level,carrot__Meegoda,carrot,Meegoda,90,199.97,335.02,73.99,,,
seasonal_naive_52,8,level,carrot__Nuwara Eliya,carrot,Nuwara Eliya,77,185.68,270.03,77.94,,,
seasonal_naive_52,8,level,leeks__Colombo,leeks,Colombo,94,96.36,125.43,52.7,,,
seasonal_naive_52,8,level,leeks__Dambulla,leeks,Dambulla,90,104.23,136.16,53.85,,,
seasonal_naive_52,8,level,leeks__Meegoda,leeks,Meegoda,90,103.26,138.46,50.03,,,
seasonal_naive_52,8,level,leeks__Nuwara Eliya,leeks,Nuwara Eliya,77,103.87,133.88,54.65,,,
seasonal_naive_52,8,level,tomato__Colombo,tomato,Colombo,94,171.1,237.43,86.86,,,
seasonal_naive_52,8,level,tomato__Dambulla,tomato,Dambulla,90,140.78,196.98,90.44,,,
seasonal_naive_52,8,level,tomato__Meegoda,tomato,Meegoda,90,164.56,230.34,75.65,,,
seasonal_naive_52,8,level,tomato__Nuwara Eliya,tomato,Nuwara Eliya,77,154.34,217.84,109.69,,,
seasonal_naive_52,12,level,carrot__Colombo,carrot,Colombo,90,171.02,265.86,72.19,,,
seasonal_naive_52,12,level,carrot__Dambulla,carrot,Dambulla,86,179.76,295.77,81.65,,,
seasonal_naive_52,12,level,carrot__Meegoda,carrot,Meegoda,86,201.67,340.85,74.67,,,
seasonal_naive_52,12,level,carrot__Nuwara Eliya,carrot,Nuwara Eliya,75,180.52,268.12,76.65,,,
seasonal_naive_52,12,level,leeks__Colombo,leeks,Colombo,90,98.52,127.57,54.08,,,
seasonal_naive_52,12,level,leeks__Dambulla,leeks,Dambulla,86,108.98,141.39,57.33,,,
seasonal_naive_52,12,level,leeks__Meegoda,leeks,Meegoda,86,105.31,140.25,50.59,,,
seasonal_naive_52,12,level,leeks__Nuwara Eliya,leeks,Nuwara Eliya,75,105.99,137.83,55.48,,,
seasonal_naive_52,12,level,tomato__Colombo,tomato,Colombo,90,174.23,241.77,93.29,,,
seasonal_naive_52,12,level,tomato__Dambulla,tomato,Dambulla,86,140.71,196.0,96.26,,,
seasonal_naive_52,12,level,tomato__Meegoda,tomato,Meegoda,86,167.59,234.96,79.2,,,
seasonal_naive_52,12,level,tomato__Nuwara Eliya,tomato,Nuwara Eliya,75,154.42,219.51,103.9,,,
xgboost,1,logret,carrot__Colombo,carrot,Colombo,102,69.07,115.07,21.38,34.54,78.43,228.42
xgboost,1,logret,carrot__Dambulla,carrot,Dambulla,98,78.38,154.51,20.88,39.19,77.55,230.44
xgboost,1,logret,carrot__Meegoda,carrot,Meegoda,100,77.82,148.61,18.56,38.91,85.0,263.35
xgboost,1,logret,carrot__Nuwara Eliya,carrot,Nuwara Eliya,86,84.43,155.44,21.86,42.22,79.07,255.14
xgboost,1,logret,leeks__Colombo,leeks,Colombo,102,34.06,47.08,17.58,17.03,85.29,141.24
xgboost,1,logret,leeks__Dambulla,leeks,Dambulla,98,33.6,50.72,15.39,16.8,86.73,144.27
xgboost,1,logret,leeks__Meegoda,leeks,Meegoda,100,30.68,44.65,12.6,15.34,96.0,161.0
xgboost,1,logret,leeks__Nuwara Eliya,leeks,Nuwara Eliya,86,26.73,40.89,12.45,13.36,95.35,147.18
xgboost,1,logret,tomato__Colombo,tomato,Colombo,102,57.91,83.66,24.2,28.96,85.29,230.58
xgboost,1,logret,tomato__Dambulla,tomato,Dambulla,98,66.43,92.54,34.54,33.22,70.41,192.85
xgboost,1,logret,tomato__Meegoda,tomato,Meegoda,100,67.95,95.44,26.98,33.97,80.0,242.53
xgboost,1,logret,tomato__Nuwara Eliya,tomato,Nuwara Eliya,86,67.3,97.34,33.8,33.65,69.77,200.77
xgboost,2,logret,carrot__Colombo,carrot,Colombo,101,84.1,138.46,26.97,42.05,76.24,276.6
xgboost,2,logret,carrot__Dambulla,carrot,Dambulla,97,88.9,166.15,26.93,44.45,75.26,277.6
xgboost,2,logret,carrot__Meegoda,carrot,Meegoda,99,99.48,188.91,24.1,49.74,78.79,318.95
xgboost,2,logret,carrot__Nuwara Eliya,carrot,Nuwara Eliya,85,102.74,181.55,28.0,51.37,77.65,311.68
xgboost,2,logret,leeks__Colombo,leeks,Colombo,101,40.59,56.88,19.29,20.29,90.1,168.5
xgboost,2,logret,leeks__Dambulla,leeks,Dambulla,97,41.46,60.01,18.93,20.73,83.51,171.76
xgboost,2,logret,leeks__Meegoda,leeks,Meegoda,99,39.57,56.14,15.73,19.79,92.93,194.4
xgboost,2,logret,leeks__Nuwara Eliya,leeks,Nuwara Eliya,85,38.72,55.98,17.24,19.36,90.59,178.66
xgboost,2,logret,tomato__Colombo,tomato,Colombo,101,80.5,118.23,33.75,40.25,86.14,297.44
xgboost,2,logret,tomato__Dambulla,tomato,Dambulla,97,81.27,114.69,45.3,40.64,71.13,245.27
xgboost,2,logret,tomato__Meegoda,tomato,Meegoda,99,86.88,124.14,35.18,43.44,81.82,307.4
xgboost,2,logret,tomato__Nuwara Eliya,tomato,Nuwara Eliya,85,86.65,122.69,47.19,43.32,70.59,258.96
xgboost,4,logret,carrot__Colombo,carrot,Colombo,99,110.84,168.54,37.1,55.42,70.71,385.91
xgboost,4,logret,carrot__Dambulla,carrot,Dambulla,95,123.05,198.4,39.25,61.52,66.32,388.99
xgboost,4,logret,carrot__Meegoda,carrot,Meegoda,97,123.93,202.11,34.79,61.97,74.23,442.38
xgboost,4,logret,carrot__Nuwara Eliya,carrot,Nuwara Eliya,82,121.52,192.3,40.79,60.76,65.85,420.84
xgboost,4,logret,leeks__Colombo,leeks,Colombo,99,47.61,73.24,21.34,23.8,85.86,235.49
xgboost,4,logret,leeks__Dambulla,leeks,Dambulla,95,46.56,71.59,19.72,23.28,88.42,242.85
xgboost,4,logret,leeks__Meegoda,leeks,Meegoda,97,50.38,78.89,18.6,25.19,92.78,266.64
xgboost,4,logret,leeks__Nuwara Eliya,leeks,Nuwara Eliya,82,52.05,76.39,22.42,26.03,89.02,244.62
xgboost,4,logret,tomato__Colombo,tomato,Colombo,99,112.21,166.64,46.58,56.1,71.72,382.18
xgboost,4,logret,tomato__Dambulla,tomato,Dambulla,95,99.32,140.86,54.6,49.66,71.58,316.38
xgboost,4,logret,tomato__Meegoda,tomato,Meegoda,97,115.15,165.77,43.82,57.57,75.26,386.79
xgboost,4,logret,tomato__Nuwara Eliya,tomato,Nuwara Eliya,82,110.62,157.95,66.35,55.31,69.51,328.36
xgboost,8,logret,carrot__Colombo,carrot,Colombo,95,145.32,189.05,66.02,72.66,56.84,464.48
xgboost,8,logret,carrot__Dambulla,carrot,Dambulla,91,156.72,205.95,68.31,78.36,57.14,466.75
xgboost,8,logret,carrot__Meegoda,carrot,Meegoda,93,164.75,220.61,59.79,82.38,61.29,510.61
xgboost,8,logret,carrot__Nuwara Eliya,carrot,Nuwara Eliya,79,167.74,216.28,73.7,83.87,55.7,517.14
xgboost,8,logret,leeks__Colombo,leeks,Colombo,95,65.5,90.93,33.41,32.75,84.21,286.9
xgboost,8,logret,leeks__Dambulla,leeks,Dambulla,91,68.51,91.31,34.91,34.25,87.91,296.91
xgboost,8,logret,leeks__Meegoda,leeks,Meegoda,93,68.16,94.21,30.01,34.08,88.17,321.3
xgboost,8,logret,leeks__Nuwara Eliya,leeks,Nuwara Eliya,79,69.51,96.01,34.6,34.75,89.87,301.94
xgboost,8,logret,tomato__Colombo,tomato,Colombo,95,149.57,208.22,82.64,74.78,61.05,391.63
xgboost,8,logret,tomato__Dambulla,tomato,Dambulla,91,124.01,170.31,94.6,62.01,62.64,340.98
xgboost,8,logret,tomato__Meegoda,tomato,Meegoda,93,148.15,206.06,73.76,74.07,63.44,393.76
xgboost,8,logret,tomato__Nuwara Eliya,tomato,Nuwara Eliya,79,127.52,171.47,113.51,63.76,58.23,354.52
xgboost,12,logret,carrot__Colombo,carrot,Colombo,91,155.29,210.16,67.82,77.65,63.74,789.86
xgboost,12,logret,carrot__Dambulla,carrot,Dambulla,87,153.94,207.59,68.02,76.97,58.62,806.02
xgboost,12,logret,carrot__Meegoda,carrot,Meegoda,89,165.66,228.21,58.91,82.83,61.8,917.89
xgboost,12,logret,carrot__Nuwara Eliya,carrot,Nuwara Eliya,79,172.6,231.15,70.71,86.3,62.03,852.66
xgboost,12,logret,leeks__Colombo,leeks,Colombo,91,77.81,105.07,40.63,38.91,93.41,486.33
xgboost,12,logret,leeks__Dambulla,leeks,Dambulla,87,79.12,103.2,42.58,39.56,91.95,503.39
xgboost,12,logret,leeks__Meegoda,leeks,Meegoda,89,83.79,113.82,37.94,41.9,95.51,559.63
xgboost,12,logret,leeks__Nuwara Eliya,leeks,Nuwara Eliya,79,82.12,110.02,43.34,41.06,91.14,500.36
xgboost,12,logret,tomato__Colombo,tomato,Colombo,91,136.04,195.38,73.0,68.02,59.34,645.7
xgboost,12,logret,tomato__Dambulla,tomato,Dambulla,87,115.47,156.88,88.34,57.74,59.77,548.55
xgboost,12,logret,tomato__Meegoda,tomato,Meegoda,89,138.35,195.88,64.72,69.18,65.17,663.02
xgboost,12,logret,tomato__Nuwara Eliya,tomato,Nuwara Eliya,79,116.58,163.89,87.12,58.29,63.29,567.28
