model,horizon,target_form,slice,n_scored,mae,rmse,mape,pinball,picp,interval_width
lightgbm,1,logret,test,1158,57.94,103.72,21.55,28.97,85.06,228.19
lightgbm,1,logret,shock_2024q1,150,126.42,219.68,24.62,63.21,82.0,414.98
lightgbm,2,logret,test,1146,72.38,122.83,28.53,36.19,84.03,296.98
lightgbm,2,logret,shock_2024q1,150,145.47,243.58,32.68,72.73,87.33,566.8
lightgbm,4,logret,test,1119,94.75,155.97,38.64,47.37,86.06,411.56
lightgbm,4,logret,shock_2024q1,150,173.43,286.16,59.22,86.71,82.0,730.17
lightgbm,8,logret,test,1074,119.54,166.79,62.37,59.77,79.14,432.1
lightgbm,8,logret,shock_2024q1,150,129.9,174.89,112.06,64.95,66.67,696.33
lightgbm,12,logret,test,1038,126.58,178.53,65.56,63.29,80.92,842.97
lightgbm,12,logret,shock_2024q1,153,127.67,166.07,107.78,63.83,61.44,1466.33
lightgbm_A,1,logret,test,1158,60.37,105.66,22.78,30.18,82.82,215.55
lightgbm_A,1,logret,shock_2024q1,150,126.89,219.26,25.69,63.44,82.67,406.95
lightgbm_A,2,logret,test,1146,77.25,129.68,31.16,38.62,83.94,309.81
lightgbm_A,2,logret,shock_2024q1,150,153.96,253.13,36.64,76.98,88.67,606.92
lightgbm_A,4,logret,test,1119,99.04,154.91,40.37,49.52,81.59,399.47
lightgbm_A,4,logret,shock_2024q1,150,162.65,249.42,52.51,81.33,73.33,717.06
lightgbm_A,8,logret,test,1074,125.32,167.67,69.5,62.66,68.72,355.86
lightgbm_A,8,logret,shock_2024q1,150,124.65,156.85,115.0,62.33,56.67,601.85
lightgbm_A,12,logret,test,1038,128.62,175.67,71.33,64.31,73.7,818.76
lightgbm_A,12,logret,shock_2024q1,153,118.13,151.26,104.38,59.07,50.33,1459.26
lightgbm_B,1,logret,test,1158,57.94,103.72,21.55,28.97,82.73,216.16
lightgbm_B,1,logret,shock_2024q1,150,126.42,219.68,24.62,63.21,81.33,402.95
lightgbm_B,2,logret,test,1146,72.38,122.83,28.53,36.19,82.46,291.56
lightgbm_B,2,logret,shock_2024q1,150,145.47,243.58,32.68,72.73,87.33,561.38
lightgbm_B,4,logret,test,1119,94.75,155.97,38.64,47.37,82.22,388.01
lightgbm_B,4,logret,shock_2024q1,150,173.43,286.16,59.22,86.71,79.33,706.62
lightgbm_B,8,logret,test,1074,119.54,166.79,62.37,59.77,72.44,391.66
lightgbm_B,8,logret,shock_2024q1,150,129.9,174.89,112.06,64.95,59.33,655.9
lightgbm_B,12,logret,test,1038,126.58,178.53,65.56,63.29,76.2,807.81
lightgbm_B,12,logret,shock_2024q1,153,127.67,166.07,107.78,63.83,53.59,1431.17
naive_last,1,level,test,1158,62.29,111.45,23.07,,,
naive_last,1,level,shock_2024q1,150,138.08,236.57,28.35,,,
naive_last,2,level,test,1146,84.35,140.88,32.66,,,
naive_last,2,level,shock_2024q1,150,182.25,283.12,46.21,,,
naive_last,4,level,test,1119,123.55,190.17,52.39,,,
naive_last,4,level,shock_2024q1,150,243.6,356.6,94.7,,,
naive_last,8,level,test,1074,170.51,246.94,95.6,,,
naive_last,8,level,shock_2024q1,150,306.53,433.06,237.28,,,
naive_last,12,level,test,1038,190.22,270.11,118.08,,,
naive_last,12,level,shock_2024q1,153,373.88,483.16,320.86,,,
sarimax,1,level,test,1158,61.71,109.17,23.21,,,
sarimax,1,level,shock_2024q1,150,133.1,227.87,27.55,,,
sarimax,2,level,test,1146,83.99,140.51,32.68,,,
sarimax,2,level,shock_2024q1,150,181.61,280.95,45.41,,,
sarimax,4,level,test,1119,121.45,188.85,51.6,,,
sarimax,4,level,shock_2024q1,150,239.82,354.43,92.36,,,
sarimax,8,level,test,1074,164.57,239.92,91.65,,,
sarimax,8,level,shock_2024q1,150,293.85,422.18,225.86,,,
sarimax,12,level,test,1038,181.11,259.57,111.92,,,
sarimax,12,level,shock_2024q1,153,354.1,469.15,303.1,,,
seasonal_naive_52,1,level,test,1131,170.72,270.13,72.04,,,
seasonal_naive_52,1,level,shock_2024q1,150,318.1,466.88,56.32,,,
seasonal_naive_52,2,level,test,1119,166.36,257.71,71.17,,,
seasonal_naive_52,2,level,shock_2024q1,150,298.23,450.97,56.87,,,
seasonal_naive_52,4,level,test,1095,156.73,237.04,71.07,,,
seasonal_naive_52,4,level,shock_2024q1,150,215.26,324.43,55.19,,,
seasonal_naive_52,8,level,test,1053,148.52,226.0,72.98,,,
seasonal_naive_52,8,level,shock_2024q1,150,98.93,127.72,67.72,,,
seasonal_naive_52,12,level,test,1011,149.11,227.86,74.46,,,
seasonal_naive_52,12,level,shock_2024q1,150,92.72,120.55,68.99,,,
xgboost,1,logret,test,1158,57.77,102.12,21.63,28.89,82.47,203.28
xgboost,1,logret,shock_2024q1,150,126.28,215.3,25.51,63.14,80.0,366.96
xgboost,2,logret,test,1146,72.43,124.26,28.1,36.22,81.33,250.72
xgboost,2,logret,shock_2024q1,150,143.1,246.06,30.97,71.55,82.0,458.62
xgboost,4,logret,test,1119,92.69,149.44,36.85,46.35,76.85,337.11
xgboost,4,logret,shock_2024q1,150,158.98,253.53,51.39,79.49,71.33,584.85
xgboost,8,logret,test,1074,121.3,171.54,63.35,60.65,68.9,387.16
xgboost,8,logret,shock_2024q1,150,144.7,202.74,123.3,72.35,49.33,633.62
xgboost,12,logret,test,1038,123.08,175.08,61.74,61.54,72.16,653.9
xgboost,12,logret,shock_2024q1,153,111.42,145.76,87.95,55.71,46.41,1130.84
