adoption_rate,seed,crash_freq_Carrot,price_volatility_Carrot,equilibrium_score_Carrot,mean_profit_Carrot,loss_rate_Carrot,crash_freq_Leek,price_volatility_Leek,equilibrium_score_Leek,mean_profit_Leek,loss_rate_Leek,crash_freq_Tomato,price_volatility_Tomato,equilibrium_score_Tomato,mean_profit_Tomato,loss_rate_Tomato,crash_freq_Cabbage,price_volatility_Cabbage,equilibrium_score_Cabbage,mean_profit_Cabbage,loss_rate_Cabbage,crash_freq_Big Onion (Local),price_volatility_Big Onion (Local),equilibrium_score_Big Onion (Local),mean_profit_Big Onion (Local),loss_rate_Big Onion (Local)
0.0,0,0.0,0.05886782102142256,0.9847627116708916,18797600.290517643,0.0,0.0,0.09167657026310558,0.976554319547868,14659149.30206721,0.0,0.0,0.0738363960721703,0.9779586065703478,18297718.082054414,0.0,0.0,0.05811824754526872,0.9824200738175914,10563729.122465353,0.0,0.0,0.10900863924015693,0.9735854134295393,51617184.610487364,0.0
0.0,1,0.0,0.09100490209227806,0.9790085941226017,19426690.67554983,0.0,0.0,0.05961671794814739,0.986147805827034,13945159.824524933,0.0,0.0,0.0684906223026181,0.9797130979250753,17002094.283804983,0.0,0.0,0.07998834539912332,0.9746058271633533,10596225.761892771,0.0,0.0,0.06845610308661051,0.9852432494021679,51699902.77473285,0.0
0.0,2,0.0,0.09073907492345899,0.9784357843798347,20407169.70054286,0.0,0.0,0.08126002193179448,0.9798541379918753,13920550.831780612,0.0,0.0,0.08372001737196369,0.9794621799010623,17820832.40311868,0.0,0.0,0.11560355915495195,0.9707588552535112,10557737.23314803,0.0,0.0,0.07642853653200307,0.9799821276905659,49503942.002816916,0.0
0.0,3,0.0,0.08300723551196768,0.977542210110677,19141050.261398707,0.0,0.0,0.09487571915569197,0.9745968795246979,13973624.847150207,0.0,0.0,0.08995189517652481,0.9799827529198023,17905765.848888084,0.0,0.0,0.05791092991650996,0.9825825165625245,10827933.201063052,0.0,0.0,0.12386117373533999,0.9698345597106129,49163370.41411845,0.0
0.0,4,0.0,0.07527057485911669,0.9805161677762495,19973073.322123718,0.0,0.0,0.08556540813349368,0.978958930490744,13831442.769496439,0.0,0.0,0.060797993176838226,0.98073705163744,17969170.444859624,0.0,0.0,0.13143809358383837,0.9706968358944655,10794860.641379358,0.0,0.0,0.09984738418691513,0.9745549857315868,47412211.42940906,0.0
0.0,5,0.0,0.08521871762447482,0.9804755652128524,18794755.261363115,0.0,0.0,0.08232401502619505,0.9773960008563427,13801672.329977944,0.0,0.0,0.06207966415195267,0.9812736632145135,16719806.009602481,0.0,0.0,0.09776132263313672,0.9763649597835703,10766472.19534744,0.0,0.0,0.05593158896541338,0.9827237414237713,49659495.49958497,0.0
0.0,6,0.0,0.10029476147422872,0.9742040335969747,19052428.672882438,0.0,0.0,0.10673763199532471,0.9716882461205626,14047177.019577922,0.0,0.0,0.10885925151853551,0.976233443076412,17549755.35801756,0.0,0.0,0.11286260966626017,0.9781214279178018,10953313.749574568,0.0,0.0,0.10632091462557783,0.9744107905011404,48812467.86563925,0.0
0.0,7,0.0,0.07482758116128094,0.982660810227313,18762250.96093109,0.0,0.0,0.08755499655735388,0.9808806927910348,13629989.141475871,0.0,0.0,0.06662047070738616,0.9836278218463774,17391603.32971959,0.0,0.0,0.09089413429869335,0.9779293860587505,10573150.916326655,0.0,0.0,0.0630997932708695,0.9826309813570594,50473638.21024919,0.0
0.0,8,0.0,0.06512073280211948,0.9823930184731413,19635567.971769154,0.0,0.0,0.10358945670416085,0.977415797518615,13676706.634641573,0.0,0.0,0.10633289982563997,0.9748022893151335,18047603.388322387,0.0,0.0,0.11129933444052599,0.9748964152666618,10613119.2735199,0.0,0.0,0.12359014994759433,0.9698676831103121,49738237.86079685,0.0
0.0,9,0.0,0.0671560415268371,0.9835266197904988,19119847.778057113,0.0,0.0,0.0812321109678057,0.976175026484253,14613414.250158295,0.0,0.0,0.09857867211027564,0.972668267862208,17100886.000626672,0.0,0.0,0.09968128759524847,0.9765139878488386,10935001.586082526,0.0,0.0,0.07231451573425643,0.9755217651035585,50844541.108293094,0.0
0.1,0,0.0,0.0586153268989214,0.9848299473490639,18808283.002775975,0.0,0.0,0.09097977942975492,0.9763995434491587,14675964.607192954,0.0,0.0,0.07309375881003319,0.9784142585017083,18320805.3845703,0.0,0.0,0.05803406175350924,0.9826310074585877,10570829.22663532,0.0,0.0,0.10865801886366837,0.9737428549704635,51681805.99561288,0.0
0.1,1,0.0,0.09095339162290643,0.9789419070474987,19444857.484525446,0.0,0.0,0.05999920993960269,0.9857092102633224,13952021.84783435,0.0,0.0,0.06875272440790543,0.9789755062005137,17012019.463593405,0.0,0.0,0.07977368161049363,0.9737753305025348,10608470.56973906,0.0,0.0,0.0690796768098716,0.9846918797429401,51752127.1259807,0.0
0.1,2,0.0,0.09032222691726315,0.9780193583048861,20434978.959176686,0.0,0.0,0.0805316472719046,0.9787020969864676,13934351.500861838,0.0,0.0,0.08336963259475795,0.9795938471158764,17837459.18105193,0.0,0.0,0.11595679806821597,0.970017173690399,10569395.828087771,0.0,0.0,0.07662792913507856,0.9791336061750848,49540842.86076534,0.0
0.1,3,0.0,0.0835870734323587,0.9768796750292964,19156921.440039713,0.0,0.0,0.09446605699206036,0.9748100377449497,13987360.738513978,0.0,0.0,0.08941685647665489,0.9802817086648052,17924230.788820114,0.0,0.0,0.057970585742024135,0.9828832888402957,10836675.728309313,0.0,0.0,0.12451567967500388,0.9686368646902389,49217347.79220307,0.0
0.1,4,0.0,0.07528918738291339,0.9802757993848182,19989852.5163378,0.0,0.0,0.08612095133913686,0.978518286520551,13840951.683173409,0.0,0.0,0.06123969773316634,0.9809147863697062,17990172.750465084,0.0,0.043478260869565216,0.13286056465269694,0.9694600469405925,10807574.88073145,0.0,0.0,0.09997877122209789,0.9738726501970966,47445827.09039114,0.0
0.1,5,0.0,0.08596132346382666,0.9795966763223104,18808637.653196957,0.0,0.0,0.08200539293353257,0.9774721949214428,13811771.109314853,0.0,0.0,0.061931379288982034,0.9811983356172886,16726545.494077438,0.0,0.0,0.09992293360623543,0.9745118130681439,10778875.925358763,0.0,0.0,0.05540882687385829,0.9824572576079263,49702646.31027645,0.0
0.1,6,0.0,0.09965535093428408,0.9739922888073776,19076868.377201844,0.0,0.0,0.10771299224514044,0.9698679300666266,14062808.30273729,0.0,0.0,0.10965250032949582,0.9753388057277331,17566132.38200572,0.0,0.0,0.11365163283839484,0.9773637758297883,10962293.99832026,0.0,0.0,0.10675977792254547,0.9740479567289854,48853772.21285624,0.0
0.1,7,0.0,0.07443333643920359,0.9828723232820572,18774125.66017845,0.0,0.0,0.0881627977121496,0.9803555379928346,13636625.824170971,0.0,0.0,0.06694895513066938,0.983140089762253,17400507.59435674,0.0,0.0,0.09091515300905051,0.977464361762768,10582362.007409224,0.0,0.0,0.062694016960589,0.9822270208991423,50522434.13588307,0.0
0.1,8,0.0,0.06550263291401993,0.9819232588820888,19656907.118157487,0.0,0.0,0.10408494516183044,0.9767053567624475,13686900.73297383,0.0,0.0,0.10783921114812646,0.9736974259330764,18069132.08688706,0.0,0.0,0.11205640273187611,0.9740005416600398,10624807.815107027,0.0,0.0,0.12481293137221539,0.9681241377310146,49797252.06418324,0.0
0.1,9,0.0,0.06666904074081433,0.9830693880040382,19136400.439013302,0.0,0.0,0.08194736113135304,0.9764512783952594,14629532.864802951,0.0,0.0,0.09938701009937657,0.9718294553562222,17121373.504402433,0.0,0.0,0.10085481272943177,0.9751006046548616,10946343.054554338,0.0,0.0,0.07217997663314686,0.9753843438242525,50889913.70368526,0.0
0.3,0,0.0,0.058076884182216064,0.9842978459103335,18828292.663654387,0.0,0.0,0.09169186599764743,0.9741246844159898,14710910.717585975,0.0,0.0,0.07276313852480325,0.9788887230792298,18360015.349393714,0.0,0.0,0.05765547035232122,0.9824567254270905,10580842.81040568,0.0,0.0,0.10683125526872922,0.9728735451928167,51809608.833340794,0.0
0.3,1,0.0,0.09012968708012443,0.9782054392892295,19484112.782259956,0.0,0.0,0.061493032690063266,0.9843588156409956,13967003.85508444,0.0,0.0,0.0687102744633798,0.9777456685985597,17032362.674440216,0.0,0.0,0.0790574652632751,0.9722386493175058,10631410.559223263,0.0,0.0,0.06952507497066894,0.9838028047558746,51826444.49750775,0.0
0.3,2,0.0,0.08948883940647641,0.9780171179215524,20482351.343524586,0.0,0.0,0.08015528780017077,0.9767569039319705,13956100.516728438,0.0,0.0,0.08267096920789356,0.977807066910452,17866743.30367773,0.0,0.0,0.11571527035558296,0.9691361746179937,10588026.445672574,0.0,0.0,0.07877217403431132,0.9767749171160447,49613022.35670564,0.0
0.3,3,0.0,0.0853086052780452,0.9747988535337142,19187111.483937275,0.0,0.0,0.0936355316649854,0.9744825940165341,14015450.67379623,0.0,0.0,0.08953425729008016,0.9795771541998656,17951767.950131938,0.0,0.0,0.057414126109076556,0.9832901840232343,10849285.332122216,0.0,0.0,0.12559395525029934,0.966215591976936,49324833.27996411,0.0
0.3,4,0.0,0.0744981161558642,0.9797282091361897,20032120.66534423,0.0,0.0,0.08745015955867884,0.9774377398241624,13859386.483950486,0.0,0.0,0.062082307994689404,0.9810254762717548,18017509.46076953,0.0,0.043478260869565216,0.13511631656503403,0.9677345203410016,10829811.268793413,0.0,0.0,0.10099553752414989,0.9726701561971991,47514264.938172854,0.0
0.3,5,0.0,0.08711100389578351,0.9781670504869148,18832533.05617792,0.0,0.0,0.08201604392237194,0.9764669770423932,13831485.18861501,0.0,0.0,0.061691801499517786,0.980250881583102,16739622.197477363,0.0,0.0,0.1020741423535454,0.9726104676233769,10799197.417922497,0.0,0.0,0.05496810992382781,0.9820602971295017,49759638.85380753,0.0
0.3,6,0.0,0.09786170268586965,0.9729253840501867,19112486.20137627,0.0,0.0,0.10822233820746452,0.9669132746075721,14096680.799098218,0.0,0.0,0.11099477707428435,0.9735886570589486,17598472.558046132,0.0,0.0,0.11724014301776255,0.9753041427262902,10978111.428992419,0.0,0.0,0.1083004989535943,0.9725262305530435,48938799.22969041,0.0
0.3,7,0.0,0.07407829852246288,0.982996116527142,18795668.177664053,0.0,0.0,0.08946090886653474,0.9793067768860118,13650980.62309098,0.0,0.0,0.06883842249984501,0.9809847607871055,17424404.054271486,0.0,0.0,0.08993607880482163,0.9767662245328298,10598464.305560866,0.0,0.0,0.0618129259665297,0.9824204299419943,50609957.91149817,0.0
0.3,8,0.0,0.06629330910373464,0.9812745530993073,19687743.61106476,0.0,0.0,0.10506528154272123,0.9748756768746457,13709378.138166348,0.0,0.0,0.1093041992446101,0.9716105542399426,18105726.83839656,0.0,0.0,0.1132184901889251,0.9725024015909192,10641855.978450803,0.0,0.0,0.1274930342371712,0.9642309525628693,49922291.20100663,0.0
0.3,9,0.0,0.06619957483139137,0.982466983831006,19164102.839534592,0.0,0.0,0.08305087471578573,0.9760534479829112,14655558.856328495,0.0,0.0,0.10105542222464498,0.970147188602532,17152672.070752256,0.0,0.0,0.10184102374537693,0.9724671762326316,10970822.770723745,0.0,0.0,0.07288168368017273,0.9757056654341292,50984061.79601454,0.0
0.5,0,0.0,0.057629677883202515,0.9836442437509528,18845098.734232444,0.0,0.0,0.09076571844841129,0.9723250648873746,14740285.952994138,0.0,0.0,0.07178622957686945,0.9792629575575159,18387837.691706356,0.0,0.0,0.0575191356539129,0.9824049485814111,10588845.22134758,0.0,0.0,0.10576183256043896,0.9707387480639467,51906590.29001639,0.0
0.5,1,0.0,0.08966702849011608,0.976741957476975,19514827.15515946,0.0,0.0,0.06251610131056497,0.9830604756746296,13979508.688611666,0.0,0.0,0.06900071552262683,0.9764954794475776,17051926.821868047,0.0,0.0,0.0788837044889823,0.9704428906312798,10651300.347480794,0.0,0.0,0.07042108615971099,0.9821178635892868,51902905.50157082,0.0
0.5,2,0.0,0.08966563349248771,0.9764576736477478,20522071.500922482,0.0,0.0,0.0793876273427473,0.9751556916702943,13977266.234393341,0.0,0.0,0.08256446482413282,0.9752569826678336,17898324.61146875,0.0,0.0,0.11590575791909863,0.9675247323000433,10605953.180925569,0.0,0.0,0.07965074121418969,0.9754263488412631,49671190.83708801,0.0
0.5,3,0.0,0.08771331138810647,0.9727897095094811,19212278.880270533,0.0,0.0,0.09348990660368717,0.9739878397163424,14035045.938293466,0.0,0.0,0.08995998096964214,0.9788892321393255,17978438.52745356,0.0,0.0,0.05681586050498834,0.9834242716105622,10860275.199927714,0.0,0.0,0.12663107474323346,0.9643003753316505,49415284.853498854,0.0
0.5,4,0.0,0.07311823913572463,0.9777313610236328,20070247.238203574,0.0,0.0,0.08893529671589755,0.9761214339046868,13876936.76684396,0.0,0.0,0.0636506144555443,0.9796052313088447,18044798.482952032,0.0,0.043478260869565216,0.13973958840366843,0.9646426142067986,10846922.154247884,0.0,0.0,0.10176789118211427,0.9715213954031183,47577131.684052944,0.0
0.5,5,0.0,0.08793873627000749,0.9768950668939901,18853095.45093474,0.0,0.0,0.0812511331672603,0.9751584995030621,13853045.540200537,0.0,0.0,0.06122684400215739,0.9795692341790194,16751527.257510627,0.0,0.0,0.10439415579647622,0.9707602946857176,10815392.60626741,0.0,0.0,0.05471941534291186,0.9816936940376705,49812434.486055724,0.0
0.5,6,0.0,0.09642326718631485,0.9714085841614174,19147422.448857877,0.0,0.0,0.10965265160269723,0.9638288078817857,14126933.582961703,0.0,0.0,0.11212436253527142,0.9712673841858658,17631744.947455198,0.0,0.043478260869565216,0.11964163251329094,0.9739684343494078,10992002.26663871,0.0,0.0,0.10934275972556343,0.9713793585845996,49004347.479669005,0.0
0.5,7,0.0,0.07385836872481176,0.9826891131957912,18810336.231404454,0.0,0.0,0.09076366144350104,0.9781705148372181,13665643.73238949,0.0,0.0,0.06979399319317632,0.9796202832304365,17445394.52264062,0.0,0.0,0.08782418416292115,0.9767500635784431,10612595.081052445,0.0,0.0,0.061542448454914585,0.9821684004678395,50656931.54564226,0.0
0.5,8,0.0,0.06788699474294434,0.9792094087531386,19720066.831868723,0.0,0.0,0.10666105014060989,0.972978705592535,13728897.703856533,0.0,0.0,0.1115362601547182,0.9686032400099703,18140364.299990643,0.0,0.0,0.11363283356521205,0.9718496677596277,10657533.067354748,0.0,0.0,0.12827879687445914,0.9617514193026495,50013132.77492696,0.0
0.5,9,0.0,0.06642838684470373,0.9811751774204044,19189978.39929269,0.0,0.0,0.0839133856226803,0.9752000737654472,14675119.852683052,0.0,0.0,0.10191294531673376,0.9690447657033614,17179574.32441591,0.0,0.0,0.10408540668480931,0.9697361362026747,10991948.06130945,0.0,0.0,0.0736188220180733,0.9755001242080659,51050789.32172408,0.0
0.7,0,0.0,0.05734360929569519,0.9828652050484287,18859915.19280571,0.0,0.0,0.09023707682853262,0.9702564362613199,14765941.230565637,0.0,0.0,0.06993586626011963,0.979977391787021,18409121.80639185,0.0,0.0,0.057324199915297025,0.9819765210744599,10595755.965063045,0.0,0.0,0.10499403257576621,0.9678617133431363,52011434.38535541,0.0
0.7,1,0.0,0.08986796345454945,0.9752282452319742,19542118.504617866,0.0,0.0,0.06360804269826707,0.9820731301940615,13992839.894147068,0.0,0.0,0.06937568950857469,0.9752478449016934,17069917.530609608,0.0,0.0,0.07876973203460036,0.9696677981778873,10666774.916439699,0.0,0.0,0.07094459765683138,0.9805231286490614,51968020.77032385,0.0
0.7,2,0.0,0.08868158242384191,0.9751677396594629,20554172.825013544,0.0,0.0,0.07855121796849585,0.9732647166516649,13997254.947896892,0.0,0.0,0.08202494841522752,0.9737672599859453,17923157.641056214,0.0,0.0,0.11599215136429142,0.9657675612100775,10622843.128557956,0.0,0.0,0.08048071735916165,0.9737678922183649,49734014.01896763,0.0
0.7,3,0.0,0.09094624222332175,0.9702239465329142,19237028.40637979,0.0,0.0,0.09314410245665249,0.9728046207210822,14053144.128404357,0.0,0.0,0.08926551818416575,0.9785086708643463,17997862.128197577,0.0,0.0,0.056924033055981836,0.9831148021707188,10870794.960167343,0.0,0.0,0.12806664716809388,0.961940502127724,49489922.758714765,0.0
0.7,4,0.0,0.07302996379334305,0.9758270724395105,20100462.980029088,0.0,0.0,0.09014757249719561,0.9751912479558159,13890191.190639848,0.0,0.0,0.06491738021121189,0.9785430360155365,18067683.30095315,0.0,0.043478260869565216,0.14105826513954237,0.9626640044732419,10863503.546719719,0.0,0.0,0.10289378958735548,0.9699384958336981,47628272.15510378,0.0
0.7,5,0.0,0.08926973932838116,0.9749953696810056,18876814.13531805,0.0,0.0,0.08138979798339137,0.9736837140209964,13870449.276991675,0.0,0.0,0.061173291462415666,0.9788431587520808,16763147.357123474,0.0,0.0,0.1071263065465948,0.9686138102476148,10829730.646269187,0.0,0.0,0.05373938518016805,0.9817268780125051,49852810.006558776,0.0
0.7,6,0.0,0.09469048235772644,0.9702353306007412,19179258.206507176,0.0,0.0,0.11139782934725231,0.96066020866764,14152869.254820293,0.0,0.0,0.11277317047131966,0.9693734647039755,17658276.1250367,0.0,0.043478260869565216,0.12366838833578293,0.9716936750872724,11004194.630335396,0.0,0.0,0.10975379415975854,0.9704585234255584,49064987.98547712,0.0
0.7,7,0.0,0.0736532730170671,0.9816225941891782,18826802.153925244,0.0,0.0,0.0911595197372393,0.9777387901128242,13674917.455377238,0.0,0.0,0.0712194578496186,0.9779926854920317,17465082.107450385,0.0,0.0,0.08710505027683851,0.975775865366081,10624049.190868357,0.0,0.0,0.06150529767846766,0.9816329519657426,50705308.442594655,0.0
0.7,8,0.0,0.06942597947247674,0.9772210068374063,19746593.9237594,0.0,0.0,0.10928129415268449,0.9704847323215363,13746613.768469676,0.0,0.0,0.11325734133370444,0.9661673151448423,18174672.174110755,0.0,0.0,0.11385690638335418,0.9711849618911222,10669858.740397243,0.0,0.0,0.1298746958627238,0.9585185650741618,50112446.88589591,0.0
0.7,9,0.0,0.06581300690341088,0.9807226513300634,19208131.99471455,0.0,0.0,0.08503185206935675,0.9742413941908992,14694343.38552019,0.0,0.0,0.10275977376667593,0.968165529779735,17205170.148451675,0.0,0.0,0.10748527973600755,0.9662605000293948,11012572.791970378,0.0,0.0,0.07476161856543681,0.9751050719931295,51102481.884644724,0.0
